{
  "0486052bb": {"mean": [0.6696425687415496, 0.542032460490081, 0.7437308124825494], "std": [0.16051487014628665, 0.2132206848078938, 0.11260009251365163]},
  "095bf7a1f": {"mean": [0.5702047118001493, 0.32114269899644515, 0.5908484519981209], "std": [0.11254574408202137, 0.15816433179798614, 0.09851812367504574]},
  "1e2425f28": {"mean": [0.5922567114769276, 0.31676660516491295, 0.5985718564707243], "std": [0.11288393961781983, 0.16768000017488716, 0.09883299734888343]},
  "2f6ecfcdf": {"mean": [0.6695920031887339, 0.529210890710098, 0.740017582738071], "std": [0.1567197948156163, 0.21069241017534743, 0.11117162523357291]},
  "54f2eec69": {"mean": [0.578949869148066, 0.364802408716193, 0.6299992035482349], "std": [0.10550459380872171, 0.1509981288052527, 0.0797939225519444]},
  "aaa6a05cc": {"mean": [0.6194343940227108, 0.449833564243741, 0.6984500826087198], "std": [0.18504496746557672, 0.23883146416677575, 0.13495818574718427]},
  "cb2d976f4": {"mean": [0.6899542710555313, 0.52864761851366, 0.7490477522757959], "std": [0.15095693333818969, 0.2185961192306998, 0.10676431614614189]},
  "e79de561c": {"mean": [0.5920671288821738, 0.42614994455768707, 0.6591870693384716], "std": [0.1332749584690727, 0.18067960352815404, 0.0990202815595507]},
  "26dc41664": {"mean": [0.585697847469714, 0.34607548723414033, 0.6256416945543982], "std": [0.11944845534453885, 0.17673610589020605, 0.09596925105034988]},
  "afa5e8098": {"mean": [0.5528840570441614, 0.42405144032365394, 0.6081851251079239], "std": [0.208065141357951, 0.19914853398200663, 0.21132535430351998]},
  "b2dc8411c": {"mean": [0.6764047432488632, 0.5473424774392586, 0.743527483642416], "std": [0.16677497465875393, 0.22239503771495522, 0.1188334056481075]},
  "b9a3865fc": {"mean": [0.6872243570808142, 0.554200454130765, 0.75326694968278], "std": [0.15391485399301497, 0.20902218403605027, 0.10797905185751389]},
  "c68fe75ea": {"mean": [0.6591627988003157, 0.5028738038838163, 0.6990075152647364], "std": [0.11885027956596303, 0.17472426426019694, 0.08241382799975427]}
}